PARAU_05859	567bf51c9b2bdc33af1488791019c2ba	580	Pfam	PF07731	Multicopper oxidase	379	525	1.2E-21	T	19-07-2018
PARAU_05859	567bf51c9b2bdc33af1488791019c2ba	580	Pfam	PF07732	Multicopper oxidase	24	137	1.1E-27	T	19-07-2018
PARAU_05859	567bf51c9b2bdc33af1488791019c2ba	580	Pfam	PF00394	Multicopper oxidase	147	297	4.3E-29	T	19-07-2018
PARAU_03432	a6287d22478fad4855640abb736a399e	696	Pfam	PF03853	YjeF-related protein N-terminus	442	631	1.4E-36	T	19-07-2018
PARAU_03432	a6287d22478fad4855640abb736a399e	696	Pfam	PF09532	FDF domain	250	317	2.7E-7	T	19-07-2018
PARAU_09145	a48a33b8dcc74e11bd5eabc338a2048b	541	Pfam	PF12999	Glucosidase II beta subunit-like	6	183	6.7E-44	T	19-07-2018
PARAU_09145	a48a33b8dcc74e11bd5eabc338a2048b	541	Pfam	PF13015	Glucosidase II beta subunit-like protein	378	536	5.0E-31	T	19-07-2018
PARAU_10348	e60ad5b8f2ce357bbd1f1b967c2c2b81	318	Pfam	PF01704	UTP--glucose-1-phosphate uridylyltransferase	70	283	2.0E-90	T	19-07-2018
PARAU_10729	0e4b0eea17f71ba01de8a4af1ed1e14c	237	Pfam	PF05390	Yeast cell wall synthesis protein KRE9/KNH1	147	226	8.1E-18	T	19-07-2018
PARAU_10729	0e4b0eea17f71ba01de8a4af1ed1e14c	237	Pfam	PF10342	Ser-Thr-rich glycosyl-phosphatidyl-inositol-anchored membrane family	5	106	2.2E-12	T	19-07-2018
PARAU_11786	d9f8dc4127095fd145e7c02fcafa1311	405	Pfam	PF16782	Nucleotide exchange factor SIL1	157	335	5.2E-12	T	19-07-2018
PARAU_08174	183cd1c363af8143d6938ce0712a6728	495	Pfam	PF06824	Protein of unknown function (DUF1237)	53	477	2.3E-181	T	19-07-2018
PARAU_10547	1f72eeb6041d44301b47527abe9e6d9b	193	Pfam	PF09286	Pro-kumamolisin, activation domain	13	144	6.4E-26	T	19-07-2018
PARAU_11283	b4a52f9898adf4c133ff356a5be53a45	683	Pfam	PF07217	Heterokaryon incompatibility protein Het-C	1	509	5.4E-239	T	19-07-2018
PARAU_07053	e0a1d0b76d21c1b824dd36bf0e1edec4	552	Pfam	PF11815	Domain of unknown function (DUF3336)	8	151	7.5E-32	T	19-07-2018
PARAU_07053	e0a1d0b76d21c1b824dd36bf0e1edec4	552	Pfam	PF01734	Patatin-like phospholipase	159	325	1.2E-13	T	19-07-2018
PARAU_11194	b12c68a0e3cd6858631d699474ad9f92	692	Pfam	PF17168	Domain of unknown function (DUF5127)	89	308	9.3E-65	T	19-07-2018
PARAU_11194	b12c68a0e3cd6858631d699474ad9f92	692	Pfam	PF08760	Domain of unknown function (DUF1793)	501	672	6.4E-67	T	19-07-2018
PARAU_11194	b12c68a0e3cd6858631d699474ad9f92	692	Pfam	PF16335	Domain of unknown function (DUF4965)	325	495	1.5E-71	T	19-07-2018
PARAU_09114	5995b6f52f3be4a47a6b122ad5a4ae69	272	Pfam	PF04185	Phosphoesterase family	55	258	1.6E-30	T	19-07-2018
PARAU_08769	74b4c95931c4799330d502a4df8f3d8a	345	Pfam	PF04488	Glycosyltransferase sugar-binding region containing DXD motif	89	173	2.2E-12	T	19-07-2018
PARAU_09175	65d859a3794b8fac67bb38a483d3c23a	497	Pfam	PF01532	Glycosyl hydrolase family 47	23	491	4.8E-139	T	19-07-2018
PARAU_10902	2211c9983695715edaca76c2992d3c82	617	Pfam	PF01735	Lysophospholipase catalytic domain	95	577	2.2E-190	T	19-07-2018
PARAU_08900	97ad443254171fc02a31e1a7372867f9	521	Pfam	PF00135	Carboxylesterase family	19	512	4.0E-83	T	19-07-2018
PARAU_09137	3cb78d85f0a1d35e7da3a99b756be1a5	235	Pfam	PF01083	Cutinase	64	233	5.5E-48	T	19-07-2018
PARAU_03283	274980a13405c1fbe1706bcd6a19cdd1	148	Pfam	PF00579	tRNA synthetases class I (W and Y)	39	123	3.6E-16	T	19-07-2018
PARAU_08510	09270029a30aec9a6c29ddbfd8b0b022	316	Pfam	PF00173	Cytochrome b5-like Heme/Steroid binding domain	229	297	5.9E-14	T	19-07-2018
PARAU_11529	15a05dfca114dc3003e5a22e5444387a	126	Pfam	PF01423	LSM domain	2	55	2.0E-14	T	19-07-2018
PARAU_07129	9725a14a5617567868c55415fabd5713	405	Pfam	PF00150	Cellulase (glycosyl hydrolase family 5)	82	371	2.1E-15	T	19-07-2018
PARAU_04268	efecdc59ea36ae8b39a13435b0a0da28	448	Pfam	PF00295	Glycosyl hydrolases family 28	121	351	8.4E-24	T	19-07-2018
PARAU_12146	a1ece116ec364d23d0b4b26cb5cd91f0	226	Pfam	PF11327	Protein of unknown function (DUF3129)	1	196	1.4E-45	T	19-07-2018
PARAU_11189	21f0ac06c11a01de347e86c0bee302df	526	Pfam	PF01735	Lysophospholipase catalytic domain	65	524	1.9E-111	T	19-07-2018
PARAU_08080	a736059bddeaee492d13cb57462d96a9	264	Pfam	PF13472	GDSL-like Lipase/Acylhydrolase family	20	195	1.4E-14	T	19-07-2018
PARAU_10543	019fff5b2afd713578f16683cdf7048d	612	Pfam	PF08031	Berberine and berberine like	550	588	3.2E-7	T	19-07-2018
PARAU_10543	019fff5b2afd713578f16683cdf7048d	612	Pfam	PF01565	FAD binding domain	106	164	5.6E-6	T	19-07-2018
PARAU_10543	019fff5b2afd713578f16683cdf7048d	612	Pfam	PF01565	FAD binding domain	252	295	1.4E-8	T	19-07-2018
PARAU_09825	a01acf2f3d92f17cb005281f1d10ea3f	624	Pfam	PF07732	Multicopper oxidase	19	132	1.9E-38	T	19-07-2018
PARAU_09825	a01acf2f3d92f17cb005281f1d10ea3f	624	Pfam	PF07731	Multicopper oxidase	443	569	1.6E-23	T	19-07-2018
PARAU_09825	a01acf2f3d92f17cb005281f1d10ea3f	624	Pfam	PF00394	Multicopper oxidase	162	359	6.2E-11	T	19-07-2018
PARAU_06298	3b0f9517ab018ea4f745dfb4aab619d3	574	Pfam	PF00443	Ubiquitin carboxyl-terminal hydrolase	217	568	1.4E-40	T	19-07-2018
PARAU_10817	e523dcd1db02e274a6a0bf0762c585c4	555	Pfam	PF01019	Gamma-glutamyltranspeptidase	27	548	3.9E-142	T	19-07-2018
PARAU_08220	5619065bb35b41191cfced78c980800e	993	Pfam	PF13364	Beta-galactosidase jelly roll domain	674	785	1.1E-19	T	19-07-2018
PARAU_08220	5619065bb35b41191cfced78c980800e	993	Pfam	PF13364	Beta-galactosidase jelly roll domain	843	954	7.6E-27	T	19-07-2018
PARAU_08220	5619065bb35b41191cfced78c980800e	993	Pfam	PF01301	Glycosyl hydrolases family 35	29	369	5.6E-90	T	19-07-2018
PARAU_08220	5619065bb35b41191cfced78c980800e	993	Pfam	PF10435	Beta-galactosidase, domain 2	390	556	4.5E-59	T	19-07-2018
PARAU_08220	5619065bb35b41191cfced78c980800e	993	Pfam	PF13363	Beta-galactosidase, domain 3	575	640	4.3E-19	T	19-07-2018
PARAU_11668	74a41b20bb7dec1e66ac5a51f4813825	454	Pfam	PF13634	Nucleoporin FG repeat region	84	167	4.7E-12	T	19-07-2018
PARAU_11668	74a41b20bb7dec1e66ac5a51f4813825	454	Pfam	PF13634	Nucleoporin FG repeat region	149	210	0.39	T	19-07-2018
PARAU_11668	74a41b20bb7dec1e66ac5a51f4813825	454	Pfam	PF13634	Nucleoporin FG repeat region	6	93	8.2E-16	T	19-07-2018
PARAU_12034	de330b77fce703e74e12d40139ccafec	349	Pfam	PF04389	Peptidase family M28	98	323	5.1E-32	T	19-07-2018
PARAU_11145	1d85bfec90f3992bd17d4d3c53f59acf	357	Pfam	PF11327	Protein of unknown function (DUF3129)	1	176	3.9E-48	T	19-07-2018
PARAU_10015	92396e9445a935eb04b689920478207a	542	Pfam	PF00394	Multicopper oxidase	174	312	3.6E-30	T	19-07-2018
PARAU_10015	92396e9445a935eb04b689920478207a	542	Pfam	PF07731	Multicopper oxidase	384	507	3.8E-38	T	19-07-2018
PARAU_10015	92396e9445a935eb04b689920478207a	542	Pfam	PF07732	Multicopper oxidase	56	165	2.4E-37	T	19-07-2018
PARAU_07089	93b1533e6d7043805aa7c5ff4187cc5f	509	Pfam	PF13848	Thioredoxin-like domain	133	313	2.5E-34	T	19-07-2018
PARAU_07089	93b1533e6d7043805aa7c5ff4187cc5f	509	Pfam	PF00085	Thioredoxin	3	104	1.7E-32	T	19-07-2018
PARAU_07089	93b1533e6d7043805aa7c5ff4187cc5f	509	Pfam	PF00085	Thioredoxin	337	442	7.5E-26	T	19-07-2018
PARAU_12449	b807804f97611e440ad1865551d9e3db	504	Pfam	PF08031	Berberine and berberine like	446	492	1.3E-11	T	19-07-2018
PARAU_12449	b807804f97611e440ad1865551d9e3db	504	Pfam	PF01565	FAD binding domain	52	189	6.6E-23	T	19-07-2018
PARAU_12086	75ae5cd024e34c3b1b160bc70542ef4f	563	Pfam	PF00135	Carboxylesterase family	26	540	1.1E-70	T	19-07-2018
PARAU_10776	7fdbbfdee8724cceee1181557451d2d3	600	Pfam	PF16655	PhoD-like phosphatase, N-terminal domain	44	159	1.1E-28	T	19-07-2018
PARAU_10776	7fdbbfdee8724cceee1181557451d2d3	600	Pfam	PF09423	PhoD-like phosphatase	174	526	6.5E-103	T	19-07-2018
PARAU_11518	54cb6a7b9b97530ee666b2ca33f7836d	344	Pfam	PF07992	Pyridine nucleotide-disulphide oxidoreductase	17	295	7.6E-26	T	19-07-2018
PARAU_05534	e94353673386218712ded98592ad9af0	112	Pfam	PF00034	Cytochrome c	13	109	6.3E-11	T	19-07-2018
PARAU_07555	0e2d351dd7d1a283645b6b5c7b8dbfbf	921	Pfam	PF12706	Beta-lactamase superfamily domain	515	675	1.6E-7	T	19-07-2018
PARAU_07555	0e2d351dd7d1a283645b6b5c7b8dbfbf	921	Pfam	PF07522	DNA repair metallo-beta-lactamase	758	885	1.8E-36	T	19-07-2018
PARAU_09370	c2a843fdfed5e3af25bc4bcf5c4653a5	258	Pfam	PF11327	Protein of unknown function (DUF3129)	1	225	4.5E-65	T	19-07-2018
PARAU_08274	631d549f24ef93e08714df08605d7608	334	Pfam	PF01522	Polysaccharide deacetylase	82	218	1.4E-27	T	19-07-2018
PARAU_03672	a05dcad9e5da42890bd9464f667d1f83	155	Pfam	PF10273	Pre-rRNA-processing protein TSR2	3	62	1.2E-21	T	19-07-2018
PARAU_08883	086832165bf785baf29e7ae1ac9ec696	207	Pfam	PF11937	Protein of unknown function (DUF3455)	36	207	7.0E-37	T	19-07-2018
PARAU_07363	eb0702f2f4acea8b4d993f0419f001ba	359	Pfam	PF12738	twin BRCT domain	170	221	1.1E-12	T	19-07-2018
PARAU_07363	eb0702f2f4acea8b4d993f0419f001ba	359	Pfam	PF16892	Chitin biosynthesis protein CHS5 N-terminus	1	37	1.7E-16	T	19-07-2018
PARAU_07363	eb0702f2f4acea8b4d993f0419f001ba	359	Pfam	PF16893	Fibronectin type III domain	63	150	3.7E-37	T	19-07-2018
PARAU_08581	1558271f4be5f0c76028d601e869869c	919	Pfam	PF01055	Glycosyl hydrolases family 31	290	353	1.7E-17	T	19-07-2018
PARAU_08581	1558271f4be5f0c76028d601e869869c	919	Pfam	PF01055	Glycosyl hydrolases family 31	356	790	3.2E-104	T	19-07-2018
PARAU_08581	1558271f4be5f0c76028d601e869869c	919	Pfam	PF16863	N-terminal barrel of NtMGAM and CtMGAM, maltase-glucoamylase	61	181	2.8E-30	T	19-07-2018
PARAU_11218	1ced07af59dedf515ecbfc5ad45c2bf4	508	Pfam	PF00082	Subtilase family	161	406	4.7E-36	T	19-07-2018
PARAU_11218	1ced07af59dedf515ecbfc5ad45c2bf4	508	Pfam	PF05922	Peptidase inhibitor I9	28	120	5.2E-21	T	19-07-2018
PARAU_09250	1e1d8ca9e751633c55e8d177571a003c	534	Pfam	PF07731	Multicopper oxidase	389	490	3.6E-33	T	19-07-2018
PARAU_09250	1e1d8ca9e751633c55e8d177571a003c	534	Pfam	PF00394	Multicopper oxidase	175	316	3.5E-29	T	19-07-2018
PARAU_09250	1e1d8ca9e751633c55e8d177571a003c	534	Pfam	PF07732	Multicopper oxidase	56	165	1.1E-37	T	19-07-2018
PARAU_08488	56d987de4a44cfe798d5b54df609ed63	1163	Pfam	PF00069	Protein kinase domain	935	1023	1.2E-7	T	19-07-2018
PARAU_08488	56d987de4a44cfe798d5b54df609ed63	1163	Pfam	PF00069	Protein kinase domain	729	914	1.4E-31	T	19-07-2018
PARAU_08488	56d987de4a44cfe798d5b54df609ed63	1163	Pfam	PF06479	Ribonuclease 2-5A	1029	1156	1.3E-43	T	19-07-2018
PARAU_06273	be19d922df0736d6cc82d91aeb64316b	478	Pfam	PF00085	Thioredoxin	157	223	9.4E-5	T	19-07-2018
PARAU_06273	be19d922df0736d6cc82d91aeb64316b	478	Pfam	PF00085	Thioredoxin	9	115	2.1E-24	T	19-07-2018
PARAU_08895	a1b8bf2c7836a26a22091b597dea6bbc	669	Pfam	PF08760	Domain of unknown function (DUF1793)	496	668	6.3E-65	T	19-07-2018
PARAU_08895	a1b8bf2c7836a26a22091b597dea6bbc	669	Pfam	PF17168	Domain of unknown function (DUF5127)	85	315	5.2E-82	T	19-07-2018
PARAU_08895	a1b8bf2c7836a26a22091b597dea6bbc	669	Pfam	PF16335	Domain of unknown function (DUF4965)	320	490	5.6E-75	T	19-07-2018
PARAU_11193	732633b7ea1af176b163d625aa5f2e3f	261	Pfam	PF11327	Protein of unknown function (DUF3129)	1	228	3.9E-66	T	19-07-2018
PARAU_11221	f7e62890bc0b7e943e79358b5b3e572c	236	Pfam	PF01161	Phosphatidylethanolamine-binding protein	31	145	1.7E-14	T	19-07-2018
PARAU_04249	d764a77ace8d0525a67317c2fb87808a	568	Pfam	PF00728	Glycosyl hydrolase family 20, catalytic domain	179	518	2.2E-87	T	19-07-2018
PARAU_04249	d764a77ace8d0525a67317c2fb87808a	568	Pfam	PF14845	beta-acetyl hexosaminidase like	1	152	4.6E-29	T	19-07-2018
PARAU_07709	33bfca91338d68e453211322e61073ca	156	Pfam	PF02221	ML domain	27	152	3.9E-26	T	19-07-2018
PARAU_10333	520346834236555ef113b0ae835437bf	934	Pfam	PF01055	Glycosyl hydrolases family 31	346	792	5.9E-137	T	19-07-2018
PARAU_10333	520346834236555ef113b0ae835437bf	934	Pfam	PF13802	Galactose mutarotase-like	236	311	1.8E-24	T	19-07-2018
PARAU_07718	2f71c14c6cc819aad04bb7ba379a4a7a	514	Pfam	PF00328	Histidine phosphatase superfamily (branch 2)	43	420	9.0E-34	T	19-07-2018
PARAU_09122	3117bdc596962e38ffa5bdeaabee7da6	314	Pfam	PF08450	SMP-30/Gluconolaconase/LRE-like region	130	298	7.4E-12	T	19-07-2018
PARAU_06833	fab5deb599f3875df59a8cdd1294f076	321	Pfam	PF03443	Glycosyl hydrolase family 61	1	210	1.7E-57	T	19-07-2018
PARAU_07890	9fed04ec6cd36fcac447a94b5928277b	352	Pfam	PF03443	Glycosyl hydrolase family 61	1	218	6.3E-50	T	19-07-2018
PARAU_08189	559582a05fb9ef0e25377cc42ae49c7c	367	Pfam	PF00722	Glycosyl hydrolases family 16	39	207	8.5E-38	T	19-07-2018
PARAU_06011	041fb2746893b4f0934128584df20726	250	Pfam	PF11327	Protein of unknown function (DUF3129)	1	196	7.2E-45	T	19-07-2018
PARAU_05976	8db13040f185264e62c4bb500033244f	244	Pfam	PF11327	Protein of unknown function (DUF3129)	1	196	1.2E-44	T	19-07-2018
PARAU_08680	2407bb99e5395daf4fabb6853a158428	309	Pfam	PF00722	Glycosyl hydrolases family 16	93	303	1.2E-11	T	19-07-2018
PARAU_07783	525be95997a9664771affd8b3c8ad666	275	Pfam	PF00734	Fungal cellulose binding domain	244	271	3.9E-11	T	19-07-2018
PARAU_07783	525be95997a9664771affd8b3c8ad666	275	Pfam	PF01083	Cutinase	13	216	1.3E-49	T	19-07-2018
PARAU_08899	1d31441e28163dea6046ae3b2735c4c0	832	Pfam	PF07971	Glycosyl hydrolase family 92	262	807	4.1E-143	T	19-07-2018
PARAU_03528	002ae155a14660d5d2e8cebf98381530	510	Pfam	PF00226	DnaJ domain	381	447	2.7E-20	T	19-07-2018
PARAU_03528	002ae155a14660d5d2e8cebf98381530	510	Pfam	PF13181	Tetratricopeptide repeat	49	77	0.023	T	19-07-2018
PARAU_08424	89c56261be3b83ca63ba9b5be13503c6	806	Pfam	PF00365	Phosphofructokinase	30	338	5.1E-105	T	19-07-2018
PARAU_08424	89c56261be3b83ca63ba9b5be13503c6	806	Pfam	PF00365	Phosphofructokinase	421	718	1.4E-80	T	19-07-2018
PARAU_12415	d7256f571234ed3bf25b00b0caf5709d	169	Pfam	PF00457	Glycosyl hydrolases family 11	23	144	2.6E-37	T	19-07-2018
PARAU_09724	c8569dca2f6b5c548dd10284cd36bc46	636	Pfam	PF00012	Hsp70 protein	14	618	6.2E-265	T	19-07-2018
PARAU_08620	cdbad52b3091548c26d34b380d39002a	1004	Pfam	PF00621	RhoGEF domain	247	416	3.4E-28	T	19-07-2018
PARAU_08620	cdbad52b3091548c26d34b380d39002a	1004	Pfam	PF00564	PB1 domain	908	985	2.9E-9	T	19-07-2018
PARAU_08620	cdbad52b3091548c26d34b380d39002a	1004	Pfam	PF06395	CDC24 Calponin	126	214	1.7E-26	T	19-07-2018
PARAU_08620	cdbad52b3091548c26d34b380d39002a	1004	Pfam	PF15411	Pleckstrin homology domain	444	569	5.4E-39	T	19-07-2018
PARAU_08521	1f065c9d057a856e2ef05ce149805748	542	Pfam	PF00450	Serine carboxypeptidase	52	510	1.8E-71	T	19-07-2018
PARAU_10546	b9f30698dca88a1316cb6f20223e4492	571	Pfam	PF09286	Pro-kumamolisin, activation domain	13	151	2.4E-36	T	19-07-2018
PARAU_10546	b9f30698dca88a1316cb6f20223e4492	571	Pfam	PF00082	Subtilase family	318	486	1.9E-6	T	19-07-2018
PARAU_09221	c29dda42823acac6fdd8d5fb2939b95c	307	Pfam	PF02089	Palmitoyl protein thioesterase	18	282	7.0E-54	T	19-07-2018
PARAU_11553	cdffcf7d51d0e84eda491b557a551bab	206	Pfam	PF11327	Protein of unknown function (DUF3129)	1	172	1.1E-57	T	19-07-2018
PARAU_11552	cdffcf7d51d0e84eda491b557a551bab	206	Pfam	PF11327	Protein of unknown function (DUF3129)	1	172	1.1E-57	T	19-07-2018
PARAU_05168	ade3e73d2aed9c9aeabc01e1d48ef3da	593	Pfam	PF00082	Subtilase family	347	514	4.6E-8	T	19-07-2018
PARAU_05168	ade3e73d2aed9c9aeabc01e1d48ef3da	593	Pfam	PF09286	Pro-kumamolisin, activation domain	29	165	5.5E-34	T	19-07-2018
PARAU_11797	94d4620368b98a84e01aefaafc05be02	347	Pfam	PF03198	Glucanosyltransferase	1	267	4.4E-52	T	19-07-2018
PARAU_08330	a0fd710928ecdec9545f77f559fb92ee	534	Pfam	PF00135	Carboxylesterase family	12	494	9.6E-87	T	19-07-2018
PARAU_09781	c77bbc6c8af723b42ef3e4be4088084c	197	Pfam	PF01083	Cutinase	24	192	4.2E-53	T	19-07-2018
PARAU_04804	c4419c53c17e16eef4612a069daa164b	1246	Pfam	PF01822	WSC domain	1027	1105	4.0E-18	T	19-07-2018
PARAU_04804	c4419c53c17e16eef4612a069daa164b	1246	Pfam	PF01822	WSC domain	1146	1221	1.3E-15	T	19-07-2018
PARAU_04804	c4419c53c17e16eef4612a069daa164b	1246	Pfam	PF01822	WSC domain	905	983	3.4E-14	T	19-07-2018
PARAU_08772	e921acbabd28d64f1cc6d8545cfa2ff0	261	Pfam	PF11327	Protein of unknown function (DUF3129)	1	228	6.1E-66	T	19-07-2018
PARAU_08198	59727d07c3e5dae94c002ad4c2dff83d	637	Pfam	PF09286	Pro-kumamolisin, activation domain	18	157	7.8E-43	T	19-07-2018
PARAU_04436	46b4722ec454c889e424a9a3ec154e87	356	Pfam	PF08450	SMP-30/Gluconolaconase/LRE-like region	117	330	5.8E-28	T	19-07-2018
PARAU_11802	3f579014c54c40210041f48b0208fb32	424	Pfam	PF00026	Eukaryotic aspartyl protease	75	419	2.9E-48	T	19-07-2018
PARAU_05169	cfa4995ba5ad74624820ed15fdb6a33b	484	Pfam	PF00135	Carboxylesterase family	332	434	4.3E-6	T	19-07-2018
PARAU_05169	cfa4995ba5ad74624820ed15fdb6a33b	484	Pfam	PF00135	Carboxylesterase family	4	314	2.1E-59	T	19-07-2018
PARAU_03477	43e1360b9e355595dcc0028ba3e5221f	269	Pfam	PF00445	Ribonuclease T2 family	31	107	1.3E-11	T	19-07-2018
PARAU_03477	43e1360b9e355595dcc0028ba3e5221f	269	Pfam	PF00445	Ribonuclease T2 family	140	231	2.0E-20	T	19-07-2018
PARAU_10375	65277ba19a7efff506f873d9ce9b5384	559	Pfam	PF06824	Protein of unknown function (DUF1237)	73	491	3.7E-171	T	19-07-2018
PARAU_10102	cc77c124be0432b8dbcbd03e09197294	144	Pfam	PF00717	Peptidase S24-like	17	86	1.4E-6	T	19-07-2018
PARAU_05813	f3960789225926ef02164945140ae0f7	727	Pfam	PF00187	Chitin recognition protein	67	110	5.3E-7	T	19-07-2018
PARAU_05813	f3960789225926ef02164945140ae0f7	727	Pfam	PF00187	Chitin recognition protein	150	191	4.2E-8	T	19-07-2018
PARAU_05813	f3960789225926ef02164945140ae0f7	727	Pfam	PF09118	Domain of unknown function (DUF1929)	624	726	3.9E-24	T	19-07-2018
PARAU_05813	f3960789225926ef02164945140ae0f7	727	Pfam	PF07250	Glyoxal oxidase N-terminus	254	473	4.3E-47	T	19-07-2018
PARAU_05064	313d66ac52a616234b22b63abd9bd4c9	584	Pfam	PF04137	Endoplasmic Reticulum Oxidoreductin 1 (ERO1)	42	456	1.0E-131	T	19-07-2018
PARAU_07505	773cc654a0945f03738cc1189ea5f9f7	400	Pfam	PF03009	Glycerophosphoryl diester phosphodiesterase family	57	332	3.6E-14	T	19-07-2018
PARAU_05875	dc53321265159a2fd5099ed31f0b4b32	258	Pfam	PF01828	Peptidase A4 family	37	254	1.2E-51	T	19-07-2018
PARAU_05878	dc53321265159a2fd5099ed31f0b4b32	258	Pfam	PF01828	Peptidase A4 family	37	254	1.2E-51	T	19-07-2018
PARAU_06598	c5295e6de7abd47ef70e8a7e091e8b8d	519	Pfam	PF04616	Glycosyl hydrolases family 43	50	254	2.1E-8	T	19-07-2018
PARAU_09665	3aec8343f3374a5cad8accb9dff56883	357	Pfam	PF11927	Protein of unknown function (DUF3445)	60	293	5.2E-66	T	19-07-2018
PARAU_08082	1b80219d7f1849b5dd50c3ad97fc76af	918	Pfam	PF15979	Glycosyl hydrolase family 115	246	509	8.6E-103	T	19-07-2018
PARAU_07713	75dc6a1f179cd9cbf4a98ab6664af40c	345	Pfam	PF00657	GDSL-like Lipase/Acylhydrolase	18	330	8.5E-14	T	19-07-2018
PARAU_10233	2825496f7f2874b4cd8315f3bb6109fe	306	Pfam	PF13019	Telomere stability and silencing	4	144	3.3E-57	T	19-07-2018
PARAU_07056	e480938c57d42ba0dbe6e9a5fc954ac4	191	Pfam	PF11578	Protein of unknown function (DUF3237)	36	189	4.7E-28	T	19-07-2018
PARAU_09831	1b4d9fb91906f8f28411597303b2e919	485	Pfam	PF08542	Replication factor C C-terminal domain	384	470	7.3E-23	T	19-07-2018
PARAU_09831	1b4d9fb91906f8f28411597303b2e919	485	Pfam	PF00004	ATPase family associated with various cellular activities (AAA)	198	315	1.2E-10	T	19-07-2018
PARAU_06241	62e1f5ea56b3f9e66e964d645b8a44cf	380	Pfam	PF00082	Subtilase family	132	350	1.3E-31	T	19-07-2018
PARAU_05115	8057b11cd3cdbb4b8d2dac933bb4d5ee	514	Pfam	PF00450	Serine carboxypeptidase	110	509	6.9E-128	T	19-07-2018
PARAU_10016	7878ff4e6cb1cfad1707cd7a3f7a91a6	309	Pfam	PF13668	Ferritin-like domain	41	175	2.4E-41	T	19-07-2018
PARAU_10515	3986642c511718a51baa85bdeeeefef7	459	Pfam	PF07859	alpha/beta hydrolase fold	140	376	1.9E-43	T	19-07-2018
PARAU_10868	a523fdb66694e6409c9c4a161b18bd8f	427	Pfam	PF00082	Subtilase family	152	402	6.6E-25	T	19-07-2018
PARAU_10868	a523fdb66694e6409c9c4a161b18bd8f	427	Pfam	PF05922	Peptidase inhibitor I9	34	118	6.9E-5	T	19-07-2018
PARAU_11351	4bbf3228e6aeca4496137dc3b25afd24	467	Pfam	PF16862	Glycosyl hydrolase family 79 C-terminal beta domain	354	464	1.3E-15	T	19-07-2018
PARAU_05571	57a638b2fcfd8ebfda44024a26fb37d9	245	Pfam	PF04991	LicD family	73	180	8.0E-16	T	19-07-2018
PARAU_05571	57a638b2fcfd8ebfda44024a26fb37d9	245	Pfam	PF04991	LicD family	193	229	1.4E-5	T	19-07-2018
PARAU_06336	48b212fd8b1e2bc32ce95c7b8808da42	402	Pfam	PF12697	Alpha/beta hydrolase family	125	237	1.4E-7	T	19-07-2018
PARAU_05096	966fe187ec99ed8d7734a0fff060528c	974	Pfam	PF07217	Heterokaryon incompatibility protein Het-C	1	562	7.6E-232	T	19-07-2018
PARAU_08259	6148576c176c7d2119c1ee58462c5a92	550	Pfam	PF00264	Common central domain of tyrosinase	53	295	1.3E-48	T	19-07-2018
PARAU_08582	ecf88bdb1d9f88243a1ec30635ee2813	654	Pfam	PF00199	Catalase	44	301	6.3E-109	T	19-07-2018
PARAU_08582	ecf88bdb1d9f88243a1ec30635ee2813	654	Pfam	PF00199	Catalase	299	375	3.6E-22	T	19-07-2018
PARAU_08582	ecf88bdb1d9f88243a1ec30635ee2813	654	Pfam	PF06628	Catalase-related immune-responsive	409	468	4.5E-15	T	19-07-2018
PARAU_03627	41f1bce5e7c02056e2ac3198064a6a73	256	Pfam	PF13883	Pyridoxamine 5'-phosphate oxidase	32	221	6.4E-42	T	19-07-2018
PARAU_03273	aeac9bf7c473a0e6216c992e7f685947	421	Pfam	PF01522	Polysaccharide deacetylase	120	246	4.2E-24	T	19-07-2018
PARAU_11535	6fd97a19081ab3e5d563c1c98b0c55f6	339	Pfam	PF13088	BNR repeat-like domain	49	236	3.7E-11	T	19-07-2018
PARAU_08885	ec5329983f401050d8d7ca41cab800aa	532	Pfam	PF00450	Serine carboxypeptidase	66	483	4.6E-68	T	19-07-2018
PARAU_12348	491d97260e6b8432901f2d4c05c516d3	296	Pfam	PF11327	Protein of unknown function (DUF3129)	15	154	1.4E-20	T	19-07-2018
PARAU_06316	aaa9390e8a4ea2e629719cf9c154da5b	406	Pfam	PF00150	Cellulase (glycosyl hydrolase family 5)	45	358	5.8E-17	T	19-07-2018
PARAU_12378	53ac29feecd3794d095ec124e9816af7	197	Pfam	PF01083	Cutinase	24	192	1.6E-52	T	19-07-2018
PARAU_11399	c6c4006ed4f3910975136d5898b4e74c	366	Pfam	PF02668	Taurine catabolism dioxygenase TauD, TfdA family	95	343	1.6E-44	T	19-07-2018
PARAU_09070	6ca0efc5049ef5c19d2249cc1f1cc774	541	Pfam	PF03663	Glycosyl hydrolase family 76	243	401	7.6E-15	T	19-07-2018
PARAU_10464	6449d7648780e49785745900e4abacb1	808	Pfam	PF03572	Peptidase family S41	425	628	8.4E-6	T	19-07-2018
PARAU_05814	2a93c03954df9fc0c024763e9bff2f00	541	Pfam	PF07519	Tannase and feruloyl esterase	127	541	3.2E-102	T	19-07-2018
PARAU_10709	5ee598cecb7036a14314d314dffd84e8	533	Pfam	PF05577	Serine carboxypeptidase S28	50	456	1.8E-41	T	19-07-2018
PARAU_09141	94a0067d0a97fbbcdfa9296564326c4d	259	Pfam	PF13472	GDSL-like Lipase/Acylhydrolase family	17	217	6.4E-9	T	19-07-2018
PARAU_10735	ad2a5901b897f501e1774b97c48eb145	540	Pfam	PF00246	Zinc carboxypeptidase	184	485	1.6E-73	T	19-07-2018
PARAU_07924	b00508245dfd8a4859a4c0901e4d83c0	169	Pfam	PF09447	Cnl2/NKP2 family protein	1	50	4.7E-17	T	19-07-2018
PARAU_08893	6332553be95ac8805d805f19f754a481	379	Pfam	PF16483	Beta-1,3-glucanase	15	376	1.5E-133	T	19-07-2018
PARAU_10091	48d731dda3aeaf5e07c3ed20e8967f38	167	Pfam	PF00188	Cysteine-rich secretory protein family	27	147	3.3E-17	T	19-07-2018
PARAU_07472	9fee093688c3bf86e3a5ff3181cf2d0d	288	Pfam	PF00994	Probable molybdopterin binding domain	1	135	2.3E-19	T	19-07-2018
PARAU_07795	01ebfbb06a221f2a3f352c44e945965a	126	Pfam	PF17056	Killer toxin-resistance protein 1	53	112	2.7E-7	T	19-07-2018
PARAU_09178	989c95b7f9dacd2351e0ac8f39d99237	814	Pfam	PF05199	GMC oxidoreductase	621	727	1.5E-20	T	19-07-2018
PARAU_09178	989c95b7f9dacd2351e0ac8f39d99237	814	Pfam	PF00732	GMC oxidoreductase	221	516	2.3E-27	T	19-07-2018
PARAU_09178	989c95b7f9dacd2351e0ac8f39d99237	814	Pfam	PF16010	Cytochrome domain of cellobiose dehydrogenase	5	180	4.8E-54	T	19-07-2018
PARAU_05735	e4f5e4a9ecf15ccd6b2c71fff41d98bc	236	Pfam	PF11327	Protein of unknown function (DUF3129)	1	196	7.6E-46	T	19-07-2018
PARAU_09464	2a1d5c9cf2ee01bf2ef064bc4fc30786	454	Pfam	PF07519	Tannase and feruloyl esterase	55	401	1.8E-78	T	19-07-2018
PARAU_12423	45380a51d541b59a1056f003dcec25a3	536	Pfam	PF05577	Serine carboxypeptidase S28	339	494	1.9E-5	T	19-07-2018
PARAU_12423	45380a51d541b59a1056f003dcec25a3	536	Pfam	PF05577	Serine carboxypeptidase S28	50	252	3.4E-36	T	19-07-2018
PARAU_07566	62f70766dc405ced263830a3a2d8c9b1	366	Pfam	PF03663	Glycosyl hydrolase family 76	101	353	3.2E-39	T	19-07-2018
PARAU_06311	ba9e10e71cdb77eedb49c2e8f7ad3258	517	Pfam	PF07156	Prenylcysteine lyase	115	494	5.2E-85	T	19-07-2018
PARAU_06311	ba9e10e71cdb77eedb49c2e8f7ad3258	517	Pfam	PF13450	NAD(P)-binding Rossmann-like domain	13	77	1.4E-11	T	19-07-2018
PARAU_11281	c952b717e5417c168fbb8fa7f61354b2	494	Pfam	PF00722	Glycosyl hydrolases family 16	60	143	5.9E-11	T	19-07-2018
PARAU_06755	1ae4702145046bb3f3f10042b873992f	553	Pfam	PF10281	Putative stress-responsive nuclear envelope protein	165	200	3.7E-17	T	19-07-2018
PARAU_06755	1ae4702145046bb3f3f10042b873992f	553	Pfam	PF10281	Putative stress-responsive nuclear envelope protein	9	44	1.1E-6	T	19-07-2018
PARAU_06755	1ae4702145046bb3f3f10042b873992f	553	Pfam	PF10281	Putative stress-responsive nuclear envelope protein	233	266	4.1E-6	T	19-07-2018
PARAU_06755	1ae4702145046bb3f3f10042b873992f	553	Pfam	PF10281	Putative stress-responsive nuclear envelope protein	372	412	1.4E-7	T	19-07-2018
PARAU_06755	1ae4702145046bb3f3f10042b873992f	553	Pfam	PF10281	Putative stress-responsive nuclear envelope protein	110	145	2.1E-8	T	19-07-2018
PARAU_06755	1ae4702145046bb3f3f10042b873992f	553	Pfam	PF10281	Putative stress-responsive nuclear envelope protein	444	478	1.9E-11	T	19-07-2018
PARAU_06755	1ae4702145046bb3f3f10042b873992f	553	Pfam	PF10281	Putative stress-responsive nuclear envelope protein	326	357	1.6E-9	T	19-07-2018
PARAU_05905	a34d3faab88fc4b36f86a7d6ced0a965	503	Pfam	PF07915	Glucosidase II beta subunit-like protein	131	236	4.3E-19	T	19-07-2018
PARAU_06842	91e44c91544b6870dd32051107bd2703	343	Pfam	PF00535	Glycosyl transferase family 2	59	209	4.7E-23	T	19-07-2018
PARAU_11575	0120c602370928085828949e7cac7875	603	Pfam	PF12222	Peptide N-acetyl-beta-D-glucosaminyl asparaginase amidase A	35	461	1.2E-127	T	19-07-2018
PARAU_07877	6456f5eb6a9a339d627c7a27e9b494c9	259	Pfam	PF13472	GDSL-like Lipase/Acylhydrolase family	22	218	9.3E-12	T	19-07-2018
PARAU_10079	3ff4ba8d7e3e3f3afc59d856ef83abaa	359	Pfam	PF00704	Glycosyl hydrolases family 18	10	234	5.7E-20	T	19-07-2018
PARAU_07478	399b2622f26bc7508a063a0bf952e18f	328	Pfam	PF00722	Glycosyl hydrolases family 16	86	150	8.3E-5	T	19-07-2018
PARAU_07887	2bdc136dbe524583e1a289b0a1c606e6	409	Pfam	PF05592	Bacterial alpha-L-rhamnosidase	222	404	2.0E-14	T	19-07-2018
PARAU_08224	33fe9dc9c7301e00fb8031c5467668f3	582	Pfam	PF00305	Lipoxygenase	222	551	3.5E-33	T	19-07-2018
PARAU_05569	4b7e1c3eea2b60b9a92030ab76ab66c9	383	Pfam	PF04185	Phosphoesterase family	57	275	2.8E-34	T	19-07-2018
PARAU_09046	fb1a1889430a30d19924be08ed988609	611	Pfam	PF00264	Common central domain of tyrosinase	86	339	9.9E-50	T	19-07-2018
PARAU_12267	a72a7bcecbf0891a6b7d123c8efda818	755	Pfam	PF01522	Polysaccharide deacetylase	554	668	7.0E-14	T	19-07-2018
PARAU_07574	e2febaa9e26d3a709c361bc3ca3d8be4	367	Pfam	PF00149	Calcineurin-like phosphoesterase	18	272	3.9E-15	T	19-07-2018
PARAU_08663	a402269a1348f69b776e9268b67c958f	565	Pfam	PF00135	Carboxylesterase family	11	348	1.9E-83	T	19-07-2018
PARAU_08663	a402269a1348f69b776e9268b67c958f	565	Pfam	PF00135	Carboxylesterase family	359	473	6.0E-6	T	19-07-2018
PARAU_09195	1ff17f003ff94e5da12aff402bcd2111	359	Pfam	PF00722	Glycosyl hydrolases family 16	106	276	5.1E-8	T	19-07-2018
PARAU_12001	7d8a922ea164e42a789863f8619d588a	563	Pfam	PF00135	Carboxylesterase family	26	539	4.3E-72	T	19-07-2018
PARAU_10239	431115e297e2dc9929f0366d066a2b64	412	Pfam	PF00704	Glycosyl hydrolases family 18	27	370	1.3E-83	T	19-07-2018
PARAU_10610	4c59dc501b134477ba7f95cfdcadb204	211	Pfam	PF09769	Apolipoprotein O	37	163	1.4E-38	T	19-07-2018
PARAU_09104	0593c33624004761419a0e7ad0d14a2b	403	Pfam	PF00722	Glycosyl hydrolases family 16	77	247	3.9E-43	T	19-07-2018
PARAU_06255	46bb56ce21897a844d51fca23738162f	408	Pfam	PF00150	Cellulase (glycosyl hydrolase family 5)	62	296	2.5E-17	T	19-07-2018
PARAU_10836	f0bbc41bf3d82da48a59966b33a19351	342	Pfam	PF01263	Aldose 1-epimerase	17	156	1.0E-23	T	19-07-2018
PARAU_04317	ee28b78a9775c98484b91c6322af40e9	239	Pfam	PF01083	Cutinase	70	238	4.8E-47	T	19-07-2018
PARAU_10488	46448a39eefcfa1d84bb459915161b6b	182	Pfam	PF00160	Cyclophilin type peptidyl-prolyl cis-trans isomerase/CLD	12	168	2.6E-47	T	19-07-2018
PARAU_05848	fb8c4c39fdab6f1261ea179def0785a6	560	Pfam	PF03663	Glycosyl hydrolase family 76	155	399	9.7E-95	T	19-07-2018
PARAU_05848	fb8c4c39fdab6f1261ea179def0785a6	560	Pfam	PF03663	Glycosyl hydrolase family 76	11	134	8.9E-42	T	19-07-2018
PARAU_09838	ee712cd794c8348f0d85403f90ae951e	99	Pfam	PF04113	Gpi16 subunit, GPI transamidase component	2	99	2.4E-42	T	19-07-2018
PARAU_03302	3bc4baa119123e9cc841f5b2cdd19637	358	Pfam	PF00150	Cellulase (glycosyl hydrolase family 5)	32	301	5.1E-21	T	19-07-2018
PARAU_10459	99c9dd32f45180d2507b9c7cb015512f	486	Pfam	PF00743	Flavin-binding monooxygenase-like	14	325	2.5E-10	T	19-07-2018
PARAU_06457	e3ecf92a7612a68dc6cec50f7f1f41b5	470	Pfam	PF00026	Eukaryotic aspartyl protease	140	468	2.7E-56	T	19-07-2018
PARAU_10398	2f7bc805ea04d82238dbc2c6b002b023	409	Pfam	PF01328	Peroxidase, family 2	43	77	2.1E-5	T	19-07-2018
PARAU_04244	5b2b75c9ff0cd2b6fdb6639fe8350813	342	Pfam	PF00722	Glycosyl hydrolases family 16	41	201	8.9E-42	T	19-07-2018
PARAU_09536	1245659c8b0ec4082fbf4f552f726b69	179	Pfam	PF03067	Lytic polysaccharide mono-oxygenase, cellulose-degrading	1	177	3.3E-6	T	19-07-2018
PARAU_06245	7e5ff66900e8e98245eb50b4f3eebd32	915	Pfam	PF00703	Glycosyl hydrolases family 2	201	310	5.0E-13	T	19-07-2018
PARAU_12454	ebd3cf90c68b4f7cca684937c8e83028	244	Pfam	PF11327	Protein of unknown function (DUF3129)	1	196	6.4E-45	T	19-07-2018
PARAU_06424	76e0d9a5b21069bb943483b9c12a0ce0	856	Pfam	PF14310	Fibronectin type III-like domain	757	832	8.0E-16	T	19-07-2018
PARAU_06424	76e0d9a5b21069bb943483b9c12a0ce0	856	Pfam	PF00933	Glycosyl hydrolase family 3 N terminal domain	75	328	1.3E-44	T	19-07-2018
PARAU_06424	76e0d9a5b21069bb943483b9c12a0ce0	856	Pfam	PF01915	Glycosyl hydrolase family 3 C-terminal domain	390	639	9.6E-43	T	19-07-2018
PARAU_09325	a1ef4a0bdaf5a2c38b8c58bf6d8af860	295	Pfam	PF11327	Protein of unknown function (DUF3129)	1	232	6.4E-66	T	19-07-2018
PARAU_08351	8a4a64240e10f0d660fa71116fc88ef2	286	Pfam	PF01105	emp24/gp25L/p24 family/GOLD	13	178	2.6E-36	T	19-07-2018
PARAU_08250	ae8ecbebc9505490a402c1a78801dd35	371	Pfam	PF01263	Aldose 1-epimerase	10	359	1.6E-39	T	19-07-2018
PARAU_09841	285f30c3bb816eb15350e125547e1a19	377	Pfam	PF07992	Pyridine nucleotide-disulphide oxidoreductase	8	147	4.0E-12	T	19-07-2018
PARAU_10238	04ecf00b0ed2aa8b06a88e6f47586803	151	Pfam	PF01817	Chorismate mutase type II	66	142	8.3E-15	T	19-07-2018
PARAU_12450	1085e0abdc673e3794cc31f30214254a	208	Pfam	PF11327	Protein of unknown function (DUF3129)	82	150	1.1E-22	T	19-07-2018
PARAU_12450	1085e0abdc673e3794cc31f30214254a	208	Pfam	PF11327	Protein of unknown function (DUF3129)	1	81	2.2E-20	T	19-07-2018
PARAU_08763	5eabaf44fd902ce008fe05f10867a8f7	175	Pfam	PF11578	Protein of unknown function (DUF3237)	66	114	7.9E-9	T	19-07-2018
PARAU_08763	5eabaf44fd902ce008fe05f10867a8f7	175	Pfam	PF11578	Protein of unknown function (DUF3237)	5	52	2.9E-8	T	19-07-2018
PARAU_06339	cdcd16eddd10838037795723df9b8102	345	Pfam	PF00078	Reverse transcriptase (RNA-dependent DNA polymerase)	194	338	4.4E-9	T	19-07-2018
PARAU_11508	691b88c4953c829e5130a8c6681b6b87	412	Pfam	PF16499	Alpha galactosidase A	11	130	7.0E-32	T	19-07-2018
PARAU_11508	691b88c4953c829e5130a8c6681b6b87	412	Pfam	PF16499	Alpha galactosidase A	179	318	3.4E-17	T	19-07-2018
PARAU_06051	045101868176845126dfda3846956743	69	Pfam	PF15786	PET assembly of cytochrome c oxidase, mitochondrial	16	56	7.8E-10	T	19-07-2018
PARAU_09789	bc016b1644cbd386382f4b1a0ceb4c76	430	Pfam	PF03856	Beta-glucosidase (SUN family)	142	401	7.4E-85	T	19-07-2018
PARAU_09367	70e3d4ec8d3afad0d6d79d5cb3fe386f	726	Pfam	PF07971	Glycosyl hydrolase family 92	240	700	1.9E-133	T	19-07-2018
PARAU_04755	6a1d08ac87fffe7f62fa5582593ee7be	493	Pfam	PF09362	Domain of unknown function (DUF1996)	16	266	1.2E-80	T	19-07-2018
PARAU_05856	d0162e3bf6e175356c7367a4b1bef241	243	Pfam	PF10681	Chaperone for protein-folding within the ER, fungal	5	241	1.2E-90	T	19-07-2018
PARAU_07766	7643071b292d140597dd4d24692e3596	441	Pfam	PF03198	Glucanosyltransferase	2	133	1.1E-40	T	19-07-2018
PARAU_07766	7643071b292d140597dd4d24692e3596	441	Pfam	PF03198	Glucanosyltransferase	134	291	1.7E-52	T	19-07-2018
PARAU_08840	ca6e15e552df88ada3c5afc683a34ac5	440	Pfam	PF02469	Fasciclin domain	233	410	1.8E-22	T	19-07-2018
PARAU_08840	ca6e15e552df88ada3c5afc683a34ac5	440	Pfam	PF02469	Fasciclin domain	94	219	6.8E-17	T	19-07-2018
PARAU_11704	584b26ea49c072ccd5be5b943ba1cede	233	Pfam	PF01083	Cutinase	62	231	3.7E-45	T	19-07-2018
PARAU_10562	d83908c517606b369b6f0ef588d55b11	203	Pfam	PF01105	emp24/gp25L/p24 family/GOLD	1	197	1.8E-50	T	19-07-2018
PARAU_11537	13d4be9b6fe3cffc0a7accf947a9671a	476	Pfam	PF16499	Alpha galactosidase A	8	196	2.9E-43	T	19-07-2018
PARAU_11537	13d4be9b6fe3cffc0a7accf947a9671a	476	Pfam	PF16499	Alpha galactosidase A	226	331	1.2E-18	T	19-07-2018
PARAU_10349	0cc3e462cb0ca896d44628f41dd1ff4d	268	Pfam	PF11327	Protein of unknown function (DUF3129)	1	196	5.4E-44	T	19-07-2018
